exp1_name,exp2_name,k,final_MkNN
mlp_5_256_muon,mlp_5_256_adam,1,0.006000000052154064
mlp_5_256_muon,mlp_5_256_adam,2,0.01600000075995922
mlp_5_256_muon,mlp_5_256_adam,3,0.019999999552965164
mlp_5_256_muon,mlp_5_256_adam,4,0.028750000521540642
mlp_5_256_muon,mlp_5_256_adam,5,0.035999998450279236
mlp_5_256_muon,mlp_5_256_adam,6,0.042666662484407425
mlp_5_256_muon,mlp_5_256_adam,7,0.04757143557071686
mlp_5_256_muon,mlp_5_256_adam,8,0.05249999836087227
mlp_5_256_muon,mlp_5_256_adam,9,0.0573333315551281
mlp_5_256_muon,mlp_5_256_adam,10,0.06150000914931297
mlp_5_256_muon,mlp_5_256_adam,11,0.06781819462776184
mlp_5_256_muon,mlp_5_256_adam,12,0.07208333164453506
mlp_5_256_muon,mlp_5_256_adam,13,0.0756923109292984
mlp_5_256_muon,mlp_5_256_adam,14,0.07999999821186066
mlp_5_256_muon,mlp_5_256_adam,15,0.08393333852291107
mlp_5_256_muon,mlp_5_256_adam,16,0.08756250143051147
mlp_5_256_muon,mlp_5_256_adam,17,0.09123530238866806
mlp_5_256_muon,mlp_5_256_adam,18,0.0950000062584877
mlp_5_256_muon,mlp_5_256_adam,19,0.09815789759159088
mlp_5_256_muon,mlp_5_256_adam,20,0.10254999250173569
mlp_5_256_muon,mlp_5_256_adam,21,0.10514287650585175
mlp_5_256_muon,mlp_5_256_adam,22,0.10790909081697464
mlp_5_256_muon,mlp_5_256_adam,23,0.11160869151353836
mlp_5_256_muon,mlp_5_256_adam,24,0.11479166895151138
mlp_5_256_muon,mlp_5_256_adam,25,0.11771998554468155
mlp_5_256_muon,mlp_5_256_adam,26,0.12103847414255142
mlp_5_256_muon,mlp_5_256_adam,27,0.12466665357351303
mlp_5_256_muon,mlp_5_256_adam,28,0.12857143580913544
mlp_5_256_muon,mlp_5_256_adam,29,0.13168965280056
mlp_5_256_muon,mlp_5_256_adam,30,0.1353333294391632
mlp_5_256_muon,mlp_5_256_adam,31,0.13838708400726318
mlp_5_256_muon,mlp_5_256_adam,32,0.1419687569141388
mlp_5_256_muon,mlp_5_256_adam,33,0.1446666568517685
mlp_5_256_muon,mlp_5_256_adam,34,0.1474705934524536
mlp_5_256_muon,mlp_5_256_adam,35,0.15062858164310455
mlp_5_256_muon,mlp_5_256_adam,36,0.15380555391311646
mlp_5_256_muon,mlp_5_256_adam,37,0.15608109533786774
mlp_5_256_muon,mlp_5_256_adam,38,0.1592368334531784
mlp_5_256_muon,mlp_5_256_adam,39,0.16156411170959473
mlp_5_256_muon,mlp_5_256_adam,40,0.16440001130104065
mlp_5_256_muon,mlp_5_256_adam,41,0.1674146056175232
mlp_5_256_muon,mlp_5_256_adam,42,0.16961905360221863
mlp_5_256_muon,mlp_5_256_adam,43,0.17288373410701752
mlp_5_256_muon,mlp_5_256_adam,44,0.17522726953029633
mlp_5_256_muon,mlp_5_256_adam,45,0.17828889191150665
mlp_5_256_muon,mlp_5_256_adam,46,0.18152174353599548
mlp_5_256_muon,mlp_5_256_adam,47,0.183914914727211
mlp_5_256_muon,mlp_5_256_adam,48,0.18674999475479126
mlp_5_256_muon,mlp_5_256_adam,49,0.18846938014030457
mlp_5_256_muon,mlp_5_256_adam,50,0.1909399926662445
mlp_5_256_muon,mlp_5_256_adam,51,0.1935686320066452
mlp_5_256_muon,mlp_5_256_adam,52,0.19609615206718445
mlp_5_256_muon,mlp_5_256_adam,53,0.19883020222187042
mlp_5_256_muon,mlp_5_256_adam,54,0.20112963020801544
mlp_5_256_muon,mlp_5_256_adam,55,0.20312726497650146
mlp_5_256_muon,mlp_5_256_adam,56,0.20508930087089539
mlp_5_256_muon,mlp_5_256_adam,57,0.2071578949689865
mlp_5_256_muon,mlp_5_256_adam,58,0.20936207473278046
mlp_5_256_muon,mlp_5_256_adam,59,0.21142373979091644
mlp_5_256_muon,mlp_5_256_adam,60,0.21346665918827057
mlp_5_256_muon,mlp_5_256_adam,61,0.21555736660957336
mlp_5_256_muon,mlp_5_256_adam,62,0.2178548127412796
mlp_5_256_muon,mlp_5_256_adam,63,0.2202381044626236
mlp_5_256_muon,mlp_5_256_adam,64,0.2221093773841858
mlp_5_256_muon,mlp_5_256_adam,65,0.22413845360279083
mlp_5_256_muon,mlp_5_256_adam,66,0.2263939380645752
mlp_5_256_muon,mlp_5_256_adam,67,0.22865670919418335
mlp_5_256_muon,mlp_5_256_adam,68,0.23038233816623688
mlp_5_256_muon,mlp_5_256_adam,69,0.23223185539245605
mlp_5_256_muon,mlp_5_256_adam,70,0.23408570885658264
mlp_5_256_muon,mlp_5_256_adam,71,0.23602816462516785
mlp_5_256_muon,mlp_5_256_adam,72,0.23759721219539642
mlp_5_256_muon,mlp_5_256_adam,73,0.2389589101076126
mlp_5_256_muon,mlp_5_256_adam,74,0.24086487293243408
mlp_5_256_muon,mlp_5_256_adam,75,0.24253331124782562
mlp_5_256_muon,mlp_5_256_adam,76,0.24436841905117035
mlp_5_256_muon,mlp_5_256_adam,77,0.24564935266971588
mlp_5_256_muon,mlp_5_256_adam,78,0.2467564195394516
mlp_5_256_muon,mlp_5_256_adam,79,0.24848102033138275
mlp_5_256_muon,mlp_5_256_adam,80,0.24981249868869781
mlp_5_256_muon,mlp_5_256_adam,81,0.251370370388031
mlp_5_256_muon,mlp_5_256_adam,82,0.25230488181114197
mlp_5_256_muon,mlp_5_256_adam,83,0.2541084587574005
mlp_5_256_muon,mlp_5_256_adam,84,0.2552500069141388
mlp_5_256_muon,mlp_5_256_adam,85,0.2566470503807068
mlp_5_256_muon,mlp_5_256_adam,86,0.257906973361969
mlp_5_256_muon,mlp_5_256_adam,87,0.2592758536338806
mlp_5_256_muon,mlp_5_256_adam,88,0.26069316267967224
mlp_5_256_muon,mlp_5_256_adam,89,0.2620561718940735
mlp_5_256_muon,mlp_5_256_adam,90,0.26311108469963074
mlp_5_256_muon,mlp_5_256_adam,91,0.2646483778953552
mlp_5_256_muon,mlp_5_256_adam,92,0.2659347653388977
mlp_5_256_muon,mlp_5_256_adam,93,0.2674946188926697
mlp_5_256_muon,mlp_5_256_adam,94,0.2686915099620819
mlp_5_256_muon,mlp_5_256_adam,95,0.26988422870635986
mlp_5_256_muon,mlp_5_256_adam,96,0.2709791958332062
mlp_5_256_muon,mlp_5_256_adam,97,0.2723298668861389
mlp_5_256_muon,mlp_5_256_adam,98,0.2735816240310669
mlp_5_256_muon,mlp_5_256_adam,99,0.2749292850494385
mlp_5_256_muon2,mlp_5_256_adam2,1,0.019999999552965164
mlp_5_256_muon2,mlp_5_256_adam2,2,0.024000000208616257
mlp_5_256_muon2,mlp_5_256_adam2,3,0.03766666725277901
mlp_5_256_muon2,mlp_5_256_adam2,4,0.0442500002682209
mlp_5_256_muon2,mlp_5_256_adam2,5,0.04880000278353691
mlp_5_256_muon2,mlp_5_256_adam2,6,0.054999999701976776
mlp_5_256_muon2,mlp_5_256_adam2,7,0.06071428582072258
mlp_5_256_muon2,mlp_5_256_adam2,8,0.06724999845027924
mlp_5_256_muon2,mlp_5_256_adam2,9,0.07288889586925507
mlp_5_256_muon2,mlp_5_256_adam2,10,0.07640000432729721
mlp_5_256_muon2,mlp_5_256_adam2,11,0.0814545527100563
mlp_5_256_muon2,mlp_5_256_adam2,12,0.08649999648332596
mlp_5_256_muon2,mlp_5_256_adam2,13,0.09107693284749985
mlp_5_256_muon2,mlp_5_256_adam2,14,0.09521429240703583
mlp_5_256_muon2,mlp_5_256_adam2,15,0.09973334521055222
mlp_5_256_muon2,mlp_5_256_adam2,16,0.10618750005960464
mlp_5_256_muon2,mlp_5_256_adam2,17,0.11047059297561646
mlp_5_256_muon2,mlp_5_256_adam2,18,0.11438889056444168
mlp_5_256_muon2,mlp_5_256_adam2,19,0.11863158643245697
mlp_5_256_muon2,mlp_5_256_adam2,20,0.12205000221729279
mlp_5_256_muon2,mlp_5_256_adam2,21,0.1251428723335266
mlp_5_256_muon2,mlp_5_256_adam2,22,0.12881816923618317
mlp_5_256_muon2,mlp_5_256_adam2,23,0.13252173364162445
mlp_5_256_muon2,mlp_5_256_adam2,24,0.13579167425632477
mlp_5_256_muon2,mlp_5_256_adam2,25,0.13927999138832092
mlp_5_256_muon2,mlp_5_256_adam2,26,0.14326922595500946
mlp_5_256_muon2,mlp_5_256_adam2,27,0.1464444398880005
mlp_5_256_muon2,mlp_5_256_adam2,28,0.15003570914268494
mlp_5_256_muon2,mlp_5_256_adam2,29,0.15272413194179535
mlp_5_256_muon2,mlp_5_256_adam2,30,0.15573333203792572
mlp_5_256_muon2,mlp_5_256_adam2,31,0.1584838628768921
mlp_5_256_muon2,mlp_5_256_adam2,32,0.16112500429153442
mlp_5_256_muon2,mlp_5_256_adam2,33,0.16469697654247284
mlp_5_256_muon2,mlp_5_256_adam2,34,0.16735294461250305
mlp_5_256_muon2,mlp_5_256_adam2,35,0.17028571665287018
mlp_5_256_muon2,mlp_5_256_adam2,36,0.17347222566604614
mlp_5_256_muon2,mlp_5_256_adam2,37,0.1759459525346756
mlp_5_256_muon2,mlp_5_256_adam2,38,0.1787368506193161
mlp_5_256_muon2,mlp_5_256_adam2,39,0.18115386366844177
mlp_5_256_muon2,mlp_5_256_adam2,40,0.18392501771450043
mlp_5_256_muon2,mlp_5_256_adam2,41,0.18648779392242432
mlp_5_256_muon2,mlp_5_256_adam2,42,0.1885238140821457
mlp_5_256_muon2,mlp_5_256_adam2,43,0.19060465693473816
mlp_5_256_muon2,mlp_5_256_adam2,44,0.19300000369548798
mlp_5_256_muon2,mlp_5_256_adam2,45,0.19555556774139404
mlp_5_256_muon2,mlp_5_256_adam2,46,0.19839131832122803
mlp_5_256_muon2,mlp_5_256_adam2,47,0.20127660036087036
mlp_5_256_muon2,mlp_5_256_adam2,48,0.20377084612846375
mlp_5_256_muon2,mlp_5_256_adam2,49,0.20595918595790863
mlp_5_256_muon2,mlp_5_256_adam2,50,0.20941999554634094
mlp_5_256_muon2,mlp_5_256_adam2,51,0.21139216423034668
mlp_5_256_muon2,mlp_5_256_adam2,52,0.21394230425357819
mlp_5_256_muon2,mlp_5_256_adam2,53,0.2161698043346405
mlp_5_256_muon2,mlp_5_256_adam2,54,0.21796296536922455
mlp_5_256_muon2,mlp_5_256_adam2,55,0.22010909020900726
mlp_5_256_muon2,mlp_5_256_adam2,56,0.22257143259048462
mlp_5_256_muon2,mlp_5_256_adam2,57,0.2249298393726349
mlp_5_256_muon2,mlp_5_256_adam2,58,0.22720691561698914
mlp_5_256_muon2,mlp_5_256_adam2,59,0.22944067418575287
mlp_5_256_muon2,mlp_5_256_adam2,60,0.2318500131368637
mlp_5_256_muon2,mlp_5_256_adam2,61,0.23386885225772858
mlp_5_256_muon2,mlp_5_256_adam2,62,0.23558062314987183
mlp_5_256_muon2,mlp_5_256_adam2,63,0.23746034502983093
mlp_5_256_muon2,mlp_5_256_adam2,64,0.23984375596046448
mlp_5_256_muon2,mlp_5_256_adam2,65,0.24146154522895813
mlp_5_256_muon2,mlp_5_256_adam2,66,0.2434999942779541
mlp_5_256_muon2,mlp_5_256_adam2,67,0.24543282389640808
mlp_5_256_muon2,mlp_5_256_adam2,68,0.2473382204771042
mlp_5_256_muon2,mlp_5_256_adam2,69,0.24947823584079742
mlp_5_256_muon2,mlp_5_256_adam2,70,0.25127145648002625
mlp_5_256_muon2,mlp_5_256_adam2,71,0.25319719314575195
mlp_5_256_muon2,mlp_5_256_adam2,72,0.2554861009120941
mlp_5_256_muon2,mlp_5_256_adam2,73,0.25699999928474426
mlp_5_256_muon2,mlp_5_256_adam2,74,0.2585945725440979
mlp_5_256_muon2,mlp_5_256_adam2,75,0.2603333294391632
mlp_5_256_muon2,mlp_5_256_adam2,76,0.26213157176971436
mlp_5_256_muon2,mlp_5_256_adam2,77,0.26383116841316223
mlp_5_256_muon2,mlp_5_256_adam2,78,0.26576924324035645
mlp_5_256_muon2,mlp_5_256_adam2,79,0.26740506291389465
mlp_5_256_muon2,mlp_5_256_adam2,80,0.2691124975681305
mlp_5_256_muon2,mlp_5_256_adam2,81,0.27081480622291565
mlp_5_256_muon2,mlp_5_256_adam2,82,0.2725975215435028
mlp_5_256_muon2,mlp_5_256_adam2,83,0.2743975818157196
mlp_5_256_muon2,mlp_5_256_adam2,84,0.2760833501815796
mlp_5_256_muon2,mlp_5_256_adam2,85,0.27781176567077637
mlp_5_256_muon2,mlp_5_256_adam2,86,0.27947673201560974
mlp_5_256_muon2,mlp_5_256_adam2,87,0.28117242455482483
mlp_5_256_muon2,mlp_5_256_adam2,88,0.28279542922973633
mlp_5_256_muon2,mlp_5_256_adam2,89,0.2845730185508728
mlp_5_256_muon2,mlp_5_256_adam2,90,0.2862222194671631
mlp_5_256_muon2,mlp_5_256_adam2,91,0.2878681719303131
mlp_5_256_muon2,mlp_5_256_adam2,92,0.28966304659843445
mlp_5_256_muon2,mlp_5_256_adam2,93,0.29135483503341675
mlp_5_256_muon2,mlp_5_256_adam2,94,0.29296809434890747
mlp_5_256_muon2,mlp_5_256_adam2,95,0.2943473756313324
mlp_5_256_muon2,mlp_5_256_adam2,96,0.2955520749092102
mlp_5_256_muon2,mlp_5_256_adam2,97,0.2973299026489258
mlp_5_256_muon2,mlp_5_256_adam2,98,0.29929596185684204
mlp_5_256_muon2,mlp_5_256_adam2,99,0.30074748396873474
mlp_5_256_muon,mlp_5_256_muon2,1,0.012000000104308128
mlp_5_256_muon,mlp_5_256_muon2,2,0.019500000402331352
mlp_5_256_muon,mlp_5_256_muon2,3,0.02199999988079071
mlp_5_256_muon,mlp_5_256_muon2,4,0.02850000001490116
mlp_5_256_muon,mlp_5_256_muon2,5,0.03179999813437462
mlp_5_256_muon,mlp_5_256_muon2,6,0.037833333015441895
mlp_5_256_muon,mlp_5_256_muon2,7,0.043857142329216
mlp_5_256_muon,mlp_5_256_muon2,8,0.048500001430511475
mlp_5_256_muon,mlp_5_256_muon2,9,0.05322222039103508
mlp_5_256_muon,mlp_5_256_muon2,10,0.05700000375509262
mlp_5_256_muon,mlp_5_256_muon2,11,0.06154545769095421
mlp_5_256_muon,mlp_5_256_muon2,12,0.06591667234897614
mlp_5_256_muon,mlp_5_256_muon2,13,0.0701538547873497
mlp_5_256_muon,mlp_5_256_muon2,14,0.07535713911056519
mlp_5_256_muon,mlp_5_256_muon2,15,0.0793333351612091
mlp_5_256_muon,mlp_5_256_muon2,16,0.08237499743700027
mlp_5_256_muon,mlp_5_256_muon2,17,0.08641177415847778
mlp_5_256_muon,mlp_5_256_muon2,18,0.09000001102685928
mlp_5_256_muon,mlp_5_256_muon2,19,0.09289474040269852
mlp_5_256_muon,mlp_5_256_muon2,20,0.09594999998807907
mlp_5_256_muon,mlp_5_256_muon2,21,0.09919047355651855
mlp_5_256_muon,mlp_5_256_muon2,22,0.10313636809587479
mlp_5_256_muon,mlp_5_256_muon2,23,0.10660868138074875
mlp_5_256_muon,mlp_5_256_muon2,24,0.10970833897590637
mlp_5_256_muon,mlp_5_256_muon2,25,0.11208000779151917
mlp_5_256_muon,mlp_5_256_muon2,26,0.11523077636957169
mlp_5_256_muon,mlp_5_256_muon2,27,0.11844443529844284
mlp_5_256_muon,mlp_5_256_muon2,28,0.12099999934434891
mlp_5_256_muon,mlp_5_256_muon2,29,0.12455172836780548
mlp_5_256_muon,mlp_5_256_muon2,30,0.12733334302902222
mlp_5_256_muon,mlp_5_256_muon2,31,0.130387082695961
mlp_5_256_muon,mlp_5_256_muon2,32,0.1340312510728836
mlp_5_256_muon,mlp_5_256_muon2,33,0.13621212542057037
mlp_5_256_muon,mlp_5_256_muon2,34,0.13902941346168518
mlp_5_256_muon,mlp_5_256_muon2,35,0.14188572764396667
mlp_5_256_muon,mlp_5_256_muon2,36,0.14461112022399902
mlp_5_256_muon,mlp_5_256_muon2,37,0.1476486474275589
mlp_5_256_muon,mlp_5_256_muon2,38,0.15026316046714783
mlp_5_256_muon,mlp_5_256_muon2,39,0.1531282216310501
mlp_5_256_muon,mlp_5_256_muon2,40,0.15582500398159027
mlp_5_256_muon,mlp_5_256_muon2,41,0.1585853546857834
mlp_5_256_muon,mlp_5_256_muon2,42,0.16114285588264465
mlp_5_256_muon,mlp_5_256_muon2,43,0.16302326321601868
mlp_5_256_muon,mlp_5_256_muon2,44,0.1656363606452942
mlp_5_256_muon,mlp_5_256_muon2,45,0.16793334484100342
mlp_5_256_muon,mlp_5_256_muon2,46,0.17043478786945343
mlp_5_256_muon,mlp_5_256_muon2,47,0.17308510839939117
mlp_5_256_muon,mlp_5_256_muon2,48,0.17599999904632568
mlp_5_256_muon,mlp_5_256_muon2,49,0.17759183049201965
mlp_5_256_muon,mlp_5_256_muon2,50,0.18001998960971832
mlp_5_256_muon,mlp_5_256_muon2,51,0.18213725090026855
mlp_5_256_muon,mlp_5_256_muon2,52,0.18457691371440887
mlp_5_256_muon,mlp_5_256_muon2,53,0.1863396316766739
mlp_5_256_muon,mlp_5_256_muon2,54,0.1884259134531021
mlp_5_256_muon,mlp_5_256_muon2,55,0.19045454263687134
mlp_5_256_muon,mlp_5_256_muon2,56,0.19232143461704254
mlp_5_256_muon,mlp_5_256_muon2,57,0.19435085356235504
mlp_5_256_muon,mlp_5_256_muon2,58,0.1965172439813614
mlp_5_256_muon,mlp_5_256_muon2,59,0.19842374324798584
mlp_5_256_muon,mlp_5_256_muon2,60,0.2004999816417694
mlp_5_256_muon,mlp_5_256_muon2,61,0.20250818133354187
mlp_5_256_muon,mlp_5_256_muon2,62,0.2047419250011444
mlp_5_256_muon,mlp_5_256_muon2,63,0.20677781105041504
mlp_5_256_muon,mlp_5_256_muon2,64,0.20909374952316284
mlp_5_256_muon,mlp_5_256_muon2,65,0.21140000224113464
mlp_5_256_muon,mlp_5_256_muon2,66,0.21330302953720093
mlp_5_256_muon,mlp_5_256_muon2,67,0.21543283760547638
mlp_5_256_muon,mlp_5_256_muon2,68,0.21704412996768951
mlp_5_256_muon,mlp_5_256_muon2,69,0.21850723028182983
mlp_5_256_muon,mlp_5_256_muon2,70,0.22017143666744232
mlp_5_256_muon,mlp_5_256_muon2,71,0.22249294817447662
mlp_5_256_muon,mlp_5_256_muon2,72,0.2239583432674408
mlp_5_256_muon,mlp_5_256_muon2,73,0.22580823302268982
mlp_5_256_muon,mlp_5_256_muon2,74,0.22751352190971375
mlp_5_256_muon,mlp_5_256_muon2,75,0.22934667766094208
mlp_5_256_muon,mlp_5_256_muon2,76,0.23076315224170685
mlp_5_256_muon,mlp_5_256_muon2,77,0.23258443176746368
mlp_5_256_muon,mlp_5_256_muon2,78,0.23451285064220428
mlp_5_256_muon,mlp_5_256_muon2,79,0.23597466945648193
mlp_5_256_muon,mlp_5_256_muon2,80,0.23736251890659332
mlp_5_256_muon,mlp_5_256_muon2,81,0.23898765444755554
mlp_5_256_muon,mlp_5_256_muon2,82,0.24085365235805511
mlp_5_256_muon,mlp_5_256_muon2,83,0.24231325089931488
mlp_5_256_muon,mlp_5_256_muon2,84,0.243964284658432
mlp_5_256_muon,mlp_5_256_muon2,85,0.24501177668571472
mlp_5_256_muon,mlp_5_256_muon2,86,0.24663953483104706
mlp_5_256_muon,mlp_5_256_muon2,87,0.2482643574476242
mlp_5_256_muon,mlp_5_256_muon2,88,0.24989771842956543
mlp_5_256_muon,mlp_5_256_muon2,89,0.2513595223426819
mlp_5_256_muon,mlp_5_256_muon2,90,0.25298890471458435
mlp_5_256_muon,mlp_5_256_muon2,91,0.2549121081829071
mlp_5_256_muon,mlp_5_256_muon2,92,0.2563043534755707
mlp_5_256_muon,mlp_5_256_muon2,93,0.25756990909576416
mlp_5_256_muon,mlp_5_256_muon2,94,0.25890427827835083
mlp_5_256_muon,mlp_5_256_muon2,95,0.26029470562934875
mlp_5_256_muon,mlp_5_256_muon2,96,0.262010395526886
mlp_5_256_muon,mlp_5_256_muon2,97,0.26343294978141785
mlp_5_256_muon,mlp_5_256_muon2,98,0.2651122212409973
mlp_5_256_muon,mlp_5_256_muon2,99,0.266696959733963
mlp_5_256_adam,mlp_5_256_adam2,1,0.014000000432133675
mlp_5_256_adam,mlp_5_256_adam2,2,0.03099999949336052
mlp_5_256_adam,mlp_5_256_adam2,3,0.039000000804662704
mlp_5_256_adam,mlp_5_256_adam2,4,0.04749999940395355
mlp_5_256_adam,mlp_5_256_adam2,5,0.052800003439188004
mlp_5_256_adam,mlp_5_256_adam2,6,0.06200000271201134
mlp_5_256_adam,mlp_5_256_adam2,7,0.07185714691877365
mlp_5_256_adam,mlp_5_256_adam2,8,0.07724999636411667
mlp_5_256_adam,mlp_5_256_adam2,9,0.08577778935432434
mlp_5_256_adam,mlp_5_256_adam2,10,0.09050001204013824
mlp_5_256_adam,mlp_5_256_adam2,11,0.0950000062584877
mlp_5_256_adam,mlp_5_256_adam2,12,0.10225000232458115
mlp_5_256_adam,mlp_5_256_adam2,13,0.10730770230293274
mlp_5_256_adam,mlp_5_256_adam2,14,0.11335715651512146
mlp_5_256_adam,mlp_5_256_adam2,15,0.11866667866706848
mlp_5_256_adam,mlp_5_256_adam2,16,0.12425000220537186
mlp_5_256_adam,mlp_5_256_adam2,17,0.1304706186056137
mlp_5_256_adam,mlp_5_256_adam2,18,0.13544446229934692
mlp_5_256_adam,mlp_5_256_adam2,19,0.14052630960941315
mlp_5_256_adam,mlp_5_256_adam2,20,0.14669999480247498
mlp_5_256_adam,mlp_5_256_adam2,21,0.15042859315872192
mlp_5_256_adam,mlp_5_256_adam2,22,0.1562272608280182
mlp_5_256_adam,mlp_5_256_adam2,23,0.1604347825050354
mlp_5_256_adam,mlp_5_256_adam2,24,0.16495832800865173
mlp_5_256_adam,mlp_5_256_adam2,25,0.16864000260829926
mlp_5_256_adam,mlp_5_256_adam2,26,0.17376922070980072
mlp_5_256_adam,mlp_5_256_adam2,27,0.17811112105846405
mlp_5_256_adam,mlp_5_256_adam2,28,0.1819285750389099
mlp_5_256_adam,mlp_5_256_adam2,29,0.18589654564857483
mlp_5_256_adam,mlp_5_256_adam2,30,0.18916666507720947
mlp_5_256_adam,mlp_5_256_adam2,31,0.1922903209924698
mlp_5_256_adam,mlp_5_256_adam2,32,0.19581249356269836
mlp_5_256_adam,mlp_5_256_adam2,33,0.19963636994361877
mlp_5_256_adam,mlp_5_256_adam2,34,0.20350001752376556
mlp_5_256_adam,mlp_5_256_adam2,35,0.20751430094242096
mlp_5_256_adam,mlp_5_256_adam2,36,0.210999995470047
mlp_5_256_adam,mlp_5_256_adam2,37,0.21432432532310486
mlp_5_256_adam,mlp_5_256_adam2,38,0.21836842596530914
mlp_5_256_adam,mlp_5_256_adam2,39,0.22182053327560425
mlp_5_256_adam,mlp_5_256_adam2,40,0.22487500309944153
mlp_5_256_adam,mlp_5_256_adam2,41,0.22814632952213287
mlp_5_256_adam,mlp_5_256_adam2,42,0.23140475153923035
mlp_5_256_adam,mlp_5_256_adam2,43,0.23386047780513763
mlp_5_256_adam,mlp_5_256_adam2,44,0.23718182742595673
mlp_5_256_adam,mlp_5_256_adam2,45,0.23953333497047424
mlp_5_256_adam,mlp_5_256_adam2,46,0.24280434846878052
mlp_5_256_adam,mlp_5_256_adam2,47,0.24534043669700623
mlp_5_256_adam,mlp_5_256_adam2,48,0.24814584851264954
mlp_5_256_adam,mlp_5_256_adam2,49,0.25104081630706787
mlp_5_256_adam,mlp_5_256_adam2,50,0.25360000133514404
mlp_5_256_adam,mlp_5_256_adam2,51,0.2563137412071228
mlp_5_256_adam,mlp_5_256_adam2,52,0.25917306542396545
mlp_5_256_adam,mlp_5_256_adam2,53,0.26173582673072815
mlp_5_256_adam,mlp_5_256_adam2,54,0.26401856541633606
mlp_5_256_adam,mlp_5_256_adam2,55,0.26681816577911377
mlp_5_256_adam,mlp_5_256_adam2,56,0.2692321538925171
mlp_5_256_adam,mlp_5_256_adam2,57,0.2723158001899719
mlp_5_256_adam,mlp_5_256_adam2,58,0.2742586135864258
mlp_5_256_adam,mlp_5_256_adam2,59,0.2767288088798523
mlp_5_256_adam,mlp_5_256_adam2,60,0.27879998087882996
mlp_5_256_adam,mlp_5_256_adam2,61,0.28054097294807434
mlp_5_256_adam,mlp_5_256_adam2,62,0.28295159339904785
mlp_5_256_adam,mlp_5_256_adam2,63,0.2852063477039337
mlp_5_256_adam,mlp_5_256_adam2,64,0.2873281240463257
mlp_5_256_adam,mlp_5_256_adam2,65,0.2892000079154968
mlp_5_256_adam,mlp_5_256_adam2,66,0.29178786277770996
mlp_5_256_adam,mlp_5_256_adam2,67,0.29365670680999756
mlp_5_256_adam,mlp_5_256_adam2,68,0.29552942514419556
mlp_5_256_adam,mlp_5_256_adam2,69,0.2981594204902649
mlp_5_256_adam,mlp_5_256_adam2,70,0.30065715312957764
mlp_5_256_adam,mlp_5_256_adam2,71,0.3026901185512543
mlp_5_256_adam,mlp_5_256_adam2,72,0.30420833826065063
mlp_5_256_adam,mlp_5_256_adam2,73,0.3058082163333893
mlp_5_256_adam,mlp_5_256_adam2,74,0.30732429027557373
mlp_5_256_adam,mlp_5_256_adam2,75,0.3091199994087219
mlp_5_256_adam,mlp_5_256_adam2,76,0.31122368574142456
mlp_5_256_adam,mlp_5_256_adam2,77,0.3134155869483948
mlp_5_256_adam,mlp_5_256_adam2,78,0.3156026005744934
mlp_5_256_adam,mlp_5_256_adam2,79,0.3176329433917999
mlp_5_256_adam,mlp_5_256_adam2,80,0.3195750117301941
mlp_5_256_adam,mlp_5_256_adam2,81,0.3213210105895996
mlp_5_256_adam,mlp_5_256_adam2,82,0.3231097459793091
mlp_5_256_adam,mlp_5_256_adam2,83,0.3253493905067444
mlp_5_256_adam,mlp_5_256_adam2,84,0.3272381126880646
mlp_5_256_adam,mlp_5_256_adam2,85,0.3291529417037964
mlp_5_256_adam,mlp_5_256_adam2,86,0.3309767544269562
mlp_5_256_adam,mlp_5_256_adam2,87,0.3328850567340851
mlp_5_256_adam,mlp_5_256_adam2,88,0.3348182141780853
mlp_5_256_adam,mlp_5_256_adam2,89,0.33650562167167664
mlp_5_256_adam,mlp_5_256_adam2,90,0.33811110258102417
mlp_5_256_adam,mlp_5_256_adam2,91,0.33974725008010864
mlp_5_256_adam,mlp_5_256_adam2,92,0.34105435013771057
mlp_5_256_adam,mlp_5_256_adam2,93,0.3424730896949768
mlp_5_256_adam,mlp_5_256_adam2,94,0.3439149260520935
mlp_5_256_adam,mlp_5_256_adam2,95,0.3452736735343933
mlp_5_256_adam,mlp_5_256_adam2,96,0.3465104103088379
mlp_5_256_adam,mlp_5_256_adam2,97,0.34808245301246643
mlp_5_256_adam,mlp_5_256_adam2,98,0.3497653305530548
mlp_5_256_adam,mlp_5_256_adam2,99,0.3513939082622528
mlp_5_256_muon,mlp_5_256_muon3,1,0.010999999940395355
mlp_5_256_muon,mlp_5_256_muon3,2,0.017500000074505806
mlp_5_256_muon,mlp_5_256_muon3,3,0.025333333760499954
mlp_5_256_muon,mlp_5_256_muon3,4,0.03125
mlp_5_256_muon,mlp_5_256_muon3,5,0.033799998462200165
mlp_5_256_muon,mlp_5_256_muon3,6,0.039000004529953
mlp_5_256_muon,mlp_5_256_muon3,7,0.0438571460545063
mlp_5_256_muon,mlp_5_256_muon3,8,0.048250000923871994
mlp_5_256_muon,mlp_5_256_muon3,9,0.05066666752099991
mlp_5_256_muon,mlp_5_256_muon3,10,0.05320000275969505
mlp_5_256_muon,mlp_5_256_muon3,11,0.05745454877614975
mlp_5_256_muon,mlp_5_256_muon3,12,0.06224999949336052
mlp_5_256_muon,mlp_5_256_muon3,13,0.06638462096452713
mlp_5_256_muon,mlp_5_256_muon3,14,0.06878571212291718
mlp_5_256_muon,mlp_5_256_muon3,15,0.07213333249092102
mlp_5_256_muon,mlp_5_256_muon3,16,0.07487499713897705
mlp_5_256_muon,mlp_5_256_muon3,17,0.07764706760644913
mlp_5_256_muon,mlp_5_256_muon3,18,0.08072223514318466
mlp_5_256_muon,mlp_5_256_muon3,19,0.08347368985414505
mlp_5_256_muon,mlp_5_256_muon3,20,0.08644999563694
mlp_5_256_muon,mlp_5_256_muon3,21,0.08923809975385666
mlp_5_256_muon,mlp_5_256_muon3,22,0.09113636612892151
mlp_5_256_muon,mlp_5_256_muon3,23,0.09391303360462189
mlp_5_256_muon,mlp_5_256_muon3,24,0.0964166671037674
mlp_5_256_muon,mlp_5_256_muon3,25,0.09927999973297119
mlp_5_256_muon,mlp_5_256_muon3,26,0.1022692322731018
mlp_5_256_muon,mlp_5_256_muon3,27,0.10459258407354355
mlp_5_256_muon,mlp_5_256_muon3,28,0.10607143491506577
mlp_5_256_muon,mlp_5_256_muon3,29,0.10806897282600403
mlp_5_256_muon,mlp_5_256_muon3,30,0.11056667566299438
mlp_5_256_muon,mlp_5_256_muon3,31,0.11306450515985489
mlp_5_256_muon,mlp_5_256_muon3,32,0.11528124660253525
mlp_5_256_muon,mlp_5_256_muon3,33,0.11724241822957993
mlp_5_256_muon,mlp_5_256_muon3,34,0.11864707618951797
mlp_5_256_muon,mlp_5_256_muon3,35,0.12054286897182465
mlp_5_256_muon,mlp_5_256_muon3,36,0.12280555814504623
mlp_5_256_muon,mlp_5_256_muon3,37,0.12470271438360214
mlp_5_256_muon,mlp_5_256_muon3,38,0.12707895040512085
mlp_5_256_muon,mlp_5_256_muon3,39,0.12930770218372345
mlp_5_256_muon,mlp_5_256_muon3,40,0.1312749981880188
mlp_5_256_muon,mlp_5_256_muon3,41,0.13360974192619324
mlp_5_256_muon,mlp_5_256_muon3,42,0.13542859256267548
mlp_5_256_muon,mlp_5_256_muon3,43,0.13806979358196259
mlp_5_256_muon,mlp_5_256_muon3,44,0.14029547572135925
mlp_5_256_muon,mlp_5_256_muon3,45,0.14275556802749634
mlp_5_256_muon,mlp_5_256_muon3,46,0.14506521821022034
mlp_5_256_muon,mlp_5_256_muon3,47,0.14708510041236877
mlp_5_256_muon,mlp_5_256_muon3,48,0.14943750202655792
mlp_5_256_muon,mlp_5_256_muon3,49,0.1513877511024475
mlp_5_256_muon,mlp_5_256_muon3,50,0.15400001406669617
mlp_5_256_muon,mlp_5_256_muon3,51,0.15574510395526886
mlp_5_256_muon,mlp_5_256_muon3,52,0.15784616768360138
mlp_5_256_muon,mlp_5_256_muon3,53,0.16009436547756195
mlp_5_256_muon,mlp_5_256_muon3,54,0.1622592806816101
mlp_5_256_muon,mlp_5_256_muon3,55,0.16436363756656647
mlp_5_256_muon,mlp_5_256_muon3,56,0.16594642400741577
mlp_5_256_muon,mlp_5_256_muon3,57,0.1675964891910553
mlp_5_256_muon,mlp_5_256_muon3,58,0.16949999332427979
mlp_5_256_muon,mlp_5_256_muon3,59,0.1711864322423935
mlp_5_256_muon,mlp_5_256_muon3,60,0.17278333008289337
mlp_5_256_muon,mlp_5_256_muon3,61,0.17472130060195923
mlp_5_256_muon,mlp_5_256_muon3,62,0.17677418887615204
mlp_5_256_muon,mlp_5_256_muon3,63,0.17846032977104187
mlp_5_256_muon,mlp_5_256_muon3,64,0.18040624260902405
mlp_5_256_muon,mlp_5_256_muon3,65,0.1818923056125641
mlp_5_256_muon,mlp_5_256_muon3,66,0.18356060981750488
mlp_5_256_muon,mlp_5_256_muon3,67,0.18553730845451355
mlp_5_256_muon,mlp_5_256_muon3,68,0.18738235533237457
mlp_5_256_muon,mlp_5_256_muon3,69,0.18897099792957306
mlp_5_256_muon,mlp_5_256_muon3,70,0.19047145545482635
mlp_5_256_muon,mlp_5_256_muon3,71,0.19253523647785187
mlp_5_256_muon,mlp_5_256_muon3,72,0.1937916874885559
mlp_5_256_muon,mlp_5_256_muon3,73,0.19531506299972534
mlp_5_256_muon,mlp_5_256_muon3,74,0.19671621918678284
mlp_5_256_muon,mlp_5_256_muon3,75,0.19839999079704285
mlp_5_256_muon,mlp_5_256_muon3,76,0.1999341994524002
mlp_5_256_muon,mlp_5_256_muon3,77,0.20161038637161255
mlp_5_256_muon,mlp_5_256_muon3,78,0.20311538875102997
mlp_5_256_muon,mlp_5_256_muon3,79,0.20465824007987976
mlp_5_256_muon,mlp_5_256_muon3,80,0.2062000036239624
mlp_5_256_muon,mlp_5_256_muon3,81,0.2079382836818695
mlp_5_256_muon,mlp_5_256_muon3,82,0.20969514548778534
mlp_5_256_muon,mlp_5_256_muon3,83,0.2113734930753708
mlp_5_256_muon,mlp_5_256_muon3,84,0.21282145380973816
mlp_5_256_muon,mlp_5_256_muon3,85,0.2140117883682251
mlp_5_256_muon,mlp_5_256_muon3,86,0.21569767594337463
mlp_5_256_muon,mlp_5_256_muon3,87,0.21709194779396057
mlp_5_256_muon,mlp_5_256_muon3,88,0.21851137280464172
mlp_5_256_muon,mlp_5_256_muon3,89,0.2198876142501831
mlp_5_256_muon,mlp_5_256_muon3,90,0.2213333398103714
mlp_5_256_muon,mlp_5_256_muon3,91,0.22284618020057678
mlp_5_256_muon,mlp_5_256_muon3,92,0.22405435144901276
mlp_5_256_muon,mlp_5_256_muon3,93,0.2253870815038681
mlp_5_256_muon,mlp_5_256_muon3,94,0.2266383022069931
mlp_5_256_muon,mlp_5_256_muon3,95,0.2280210703611374
mlp_5_256_muon,mlp_5_256_muon3,96,0.22945834696292877
mlp_5_256_muon,mlp_5_256_muon3,97,0.23073194921016693
mlp_5_256_muon,mlp_5_256_muon3,98,0.23219385743141174
mlp_5_256_muon,mlp_5_256_muon3,99,0.23372729122638702
mlp_5_256_adam2,mlp_5_256_muon3,1,0.012000000104308128
mlp_5_256_adam2,mlp_5_256_muon3,2,0.026499999687075615
mlp_5_256_adam2,mlp_5_256_muon3,3,0.035333335399627686
mlp_5_256_adam2,mlp_5_256_muon3,4,0.04075000062584877
mlp_5_256_adam2,mlp_5_256_muon3,5,0.04600000008940697
mlp_5_256_adam2,mlp_5_256_muon3,6,0.05299999937415123
mlp_5_256_adam2,mlp_5_256_muon3,7,0.05700000375509262
mlp_5_256_adam2,mlp_5_256_muon3,8,0.060874998569488525
mlp_5_256_adam2,mlp_5_256_muon3,9,0.06700000166893005
mlp_5_256_adam2,mlp_5_256_muon3,10,0.07200000435113907
mlp_5_256_adam2,mlp_5_256_muon3,11,0.07727273553609848
mlp_5_256_adam2,mlp_5_256_muon3,12,0.0807500034570694
mlp_5_256_adam2,mlp_5_256_muon3,13,0.08730770647525787
mlp_5_256_adam2,mlp_5_256_muon3,14,0.09185715019702911
mlp_5_256_adam2,mlp_5_256_muon3,15,0.09653334319591522
mlp_5_256_adam2,mlp_5_256_muon3,16,0.09950000047683716
mlp_5_256_adam2,mlp_5_256_muon3,17,0.10511766374111176
mlp_5_256_adam2,mlp_5_256_muon3,18,0.10938890278339386
mlp_5_256_adam2,mlp_5_256_muon3,19,0.11221053451299667
mlp_5_256_adam2,mlp_5_256_muon3,20,0.11590000987052917
mlp_5_256_adam2,mlp_5_256_muon3,21,0.11914287507534027
mlp_5_256_adam2,mlp_5_256_muon3,22,0.12263636291027069
mlp_5_256_adam2,mlp_5_256_muon3,23,0.12647825479507446
mlp_5_256_adam2,mlp_5_256_muon3,24,0.1289999932050705
mlp_5_256_adam2,mlp_5_256_muon3,25,0.1316400021314621
mlp_5_256_adam2,mlp_5_256_muon3,26,0.1343846321105957
mlp_5_256_adam2,mlp_5_256_muon3,27,0.1371111124753952
mlp_5_256_adam2,mlp_5_256_muon3,28,0.1395714282989502
mlp_5_256_adam2,mlp_5_256_muon3,29,0.14262068271636963
mlp_5_256_adam2,mlp_5_256_muon3,30,0.14629998803138733
mlp_5_256_adam2,mlp_5_256_muon3,31,0.148935467004776
mlp_5_256_adam2,mlp_5_256_muon3,32,0.15150000154972076
mlp_5_256_adam2,mlp_5_256_muon3,33,0.15387879312038422
mlp_5_256_adam2,mlp_5_256_muon3,34,0.15582352876663208
mlp_5_256_adam2,mlp_5_256_muon3,35,0.15925715863704681
mlp_5_256_adam2,mlp_5_256_muon3,36,0.1614166647195816
mlp_5_256_adam2,mlp_5_256_muon3,37,0.16343243420124054
mlp_5_256_adam2,mlp_5_256_muon3,38,0.16605263948440552
mlp_5_256_adam2,mlp_5_256_muon3,39,0.16789746284484863
mlp_5_256_adam2,mlp_5_256_muon3,40,0.17077501118183136
mlp_5_256_adam2,mlp_5_256_muon3,41,0.17302440106868744
mlp_5_256_adam2,mlp_5_256_muon3,42,0.17554762959480286
mlp_5_256_adam2,mlp_5_256_muon3,43,0.17686046659946442
mlp_5_256_adam2,mlp_5_256_muon3,44,0.1789090931415558
mlp_5_256_adam2,mlp_5_256_muon3,45,0.18068890273571014
mlp_5_256_adam2,mlp_5_256_muon3,46,0.18265219032764435
mlp_5_256_adam2,mlp_5_256_muon3,47,0.1847446858882904
mlp_5_256_adam2,mlp_5_256_muon3,48,0.1861458271741867
mlp_5_256_adam2,mlp_5_256_muon3,49,0.18802037835121155
mlp_5_256_adam2,mlp_5_256_muon3,50,0.1901399791240692
mlp_5_256_adam2,mlp_5_256_muon3,51,0.19256862998008728
mlp_5_256_adam2,mlp_5_256_muon3,52,0.19471155107021332
mlp_5_256_adam2,mlp_5_256_muon3,53,0.19620755314826965
mlp_5_256_adam2,mlp_5_256_muon3,54,0.19833333790302277
mlp_5_256_adam2,mlp_5_256_muon3,55,0.2003999948501587
mlp_5_256_adam2,mlp_5_256_muon3,56,0.20171426236629486
mlp_5_256_adam2,mlp_5_256_muon3,57,0.20366668701171875
mlp_5_256_adam2,mlp_5_256_muon3,58,0.2052413821220398
mlp_5_256_adam2,mlp_5_256_muon3,59,0.2069830298423767
mlp_5_256_adam2,mlp_5_256_muon3,60,0.20820000767707825
mlp_5_256_adam2,mlp_5_256_muon3,61,0.21057376265525818
mlp_5_256_adam2,mlp_5_256_muon3,62,0.21232253313064575
mlp_5_256_adam2,mlp_5_256_muon3,63,0.2143174707889557
mlp_5_256_adam2,mlp_5_256_muon3,64,0.21568749845027924
mlp_5_256_adam2,mlp_5_256_muon3,65,0.21726155281066895
mlp_5_256_adam2,mlp_5_256_muon3,66,0.21881818771362305
mlp_5_256_adam2,mlp_5_256_muon3,67,0.22020895779132843
mlp_5_256_adam2,mlp_5_256_muon3,68,0.22164706885814667
mlp_5_256_adam2,mlp_5_256_muon3,69,0.22357968986034393
mlp_5_256_adam2,mlp_5_256_muon3,70,0.22499999403953552
mlp_5_256_adam2,mlp_5_256_muon3,71,0.227521151304245
mlp_5_256_adam2,mlp_5_256_muon3,72,0.2291249930858612
mlp_5_256_adam2,mlp_5_256_muon3,73,0.23086301982402802
mlp_5_256_adam2,mlp_5_256_muon3,74,0.23209460079669952
mlp_5_256_adam2,mlp_5_256_muon3,75,0.23366665840148926
mlp_5_256_adam2,mlp_5_256_muon3,76,0.23499999940395355
mlp_5_256_adam2,mlp_5_256_muon3,77,0.23637661337852478
mlp_5_256_adam2,mlp_5_256_muon3,78,0.2381666600704193
mlp_5_256_adam2,mlp_5_256_muon3,79,0.23967087268829346
mlp_5_256_adam2,mlp_5_256_muon3,80,0.24143749475479126
mlp_5_256_adam2,mlp_5_256_muon3,81,0.24338272213935852
mlp_5_256_adam2,mlp_5_256_muon3,82,0.24495121836662292
mlp_5_256_adam2,mlp_5_256_muon3,83,0.24667470157146454
mlp_5_256_adam2,mlp_5_256_muon3,84,0.24864287674427032
mlp_5_256_adam2,mlp_5_256_muon3,85,0.25012943148612976
mlp_5_256_adam2,mlp_5_256_muon3,86,0.2514418661594391
mlp_5_256_adam2,mlp_5_256_muon3,87,0.2527931332588196
mlp_5_256_adam2,mlp_5_256_muon3,88,0.25432953238487244
mlp_5_256_adam2,mlp_5_256_muon3,89,0.25576403737068176
mlp_5_256_adam2,mlp_5_256_muon3,90,0.2571111023426056
mlp_5_256_adam2,mlp_5_256_muon3,91,0.2586703300476074
mlp_5_256_adam2,mlp_5_256_muon3,92,0.260054349899292
mlp_5_256_adam2,mlp_5_256_muon3,93,0.2613655626773834
mlp_5_256_adam2,mlp_5_256_muon3,94,0.26263830065727234
mlp_5_256_adam2,mlp_5_256_muon3,95,0.26385262608528137
mlp_5_256_adam2,mlp_5_256_muon3,96,0.265354186296463
mlp_5_256_adam2,mlp_5_256_muon3,97,0.26684534549713135
mlp_5_256_adam2,mlp_5_256_muon3,98,0.26813265681266785
mlp_5_256_adam2,mlp_5_256_muon3,99,0.2695252597332001
mlp_5_256_muon2,mlp_5_256_muon3,1,0.04399999976158142
mlp_5_256_muon2,mlp_5_256_muon3,2,0.05950000137090683
mlp_5_256_muon2,mlp_5_256_muon3,3,0.0729999989271164
mlp_5_256_muon2,mlp_5_256_muon3,4,0.08425000309944153
mlp_5_256_muon2,mlp_5_256_muon3,5,0.09120000153779984
mlp_5_256_muon2,mlp_5_256_muon3,6,0.09883332997560501
mlp_5_256_muon2,mlp_5_256_muon3,7,0.10414285957813263
mlp_5_256_muon2,mlp_5_256_muon3,8,0.11012499779462814
mlp_5_256_muon2,mlp_5_256_muon3,9,0.11488889157772064
mlp_5_256_muon2,mlp_5_256_muon3,10,0.11760000884532928
mlp_5_256_muon2,mlp_5_256_muon3,11,0.12136363238096237
mlp_5_256_muon2,mlp_5_256_muon3,12,0.12708333134651184
mlp_5_256_muon2,mlp_5_256_muon3,13,0.13230769336223602
mlp_5_256_muon2,mlp_5_256_muon3,14,0.1364285796880722
mlp_5_256_muon2,mlp_5_256_muon3,15,0.14000001549720764
mlp_5_256_muon2,mlp_5_256_muon3,16,0.14368750154972076
mlp_5_256_muon2,mlp_5_256_muon3,17,0.14670589566230774
mlp_5_256_muon2,mlp_5_256_muon3,18,0.14994443953037262
mlp_5_256_muon2,mlp_5_256_muon3,19,0.1546315848827362
mlp_5_256_muon2,mlp_5_256_muon3,20,0.15744999051094055
mlp_5_256_muon2,mlp_5_256_muon3,21,0.1626667082309723
mlp_5_256_muon2,mlp_5_256_muon3,22,0.16586364805698395
mlp_5_256_muon2,mlp_5_256_muon3,23,0.16895650327205658
mlp_5_256_muon2,mlp_5_256_muon3,24,0.17254166305065155
mlp_5_256_muon2,mlp_5_256_muon3,25,0.17591997981071472
mlp_5_256_muon2,mlp_5_256_muon3,26,0.17846155166625977
mlp_5_256_muon2,mlp_5_256_muon3,27,0.18125927448272705
mlp_5_256_muon2,mlp_5_256_muon3,28,0.18435713648796082
mlp_5_256_muon2,mlp_5_256_muon3,29,0.18624137341976166
mlp_5_256_muon2,mlp_5_256_muon3,30,0.18856669962406158
mlp_5_256_muon2,mlp_5_256_muon3,31,0.19077417254447937
mlp_5_256_muon2,mlp_5_256_muon3,32,0.19368749856948853
mlp_5_256_muon2,mlp_5_256_muon3,33,0.19633334875106812
mlp_5_256_muon2,mlp_5_256_muon3,34,0.19817650318145752
mlp_5_256_muon2,mlp_5_256_muon3,35,0.20031429827213287
mlp_5_256_muon2,mlp_5_256_muon3,36,0.20208334922790527
mlp_5_256_muon2,mlp_5_256_muon3,37,0.20370271801948547
mlp_5_256_muon2,mlp_5_256_muon3,38,0.2063157856464386
mlp_5_256_muon2,mlp_5_256_muon3,39,0.2077692598104477
mlp_5_256_muon2,mlp_5_256_muon3,40,0.20964999496936798
mlp_5_256_muon2,mlp_5_256_muon3,41,0.21185365319252014
mlp_5_256_muon2,mlp_5_256_muon3,42,0.2135000377893448
mlp_5_256_muon2,mlp_5_256_muon3,43,0.21544188261032104
mlp_5_256_muon2,mlp_5_256_muon3,44,0.21704544126987457
mlp_5_256_muon2,mlp_5_256_muon3,45,0.21873335540294647
mlp_5_256_muon2,mlp_5_256_muon3,46,0.22078260779380798
mlp_5_256_muon2,mlp_5_256_muon3,47,0.22229787707328796
mlp_5_256_muon2,mlp_5_256_muon3,48,0.22485415637493134
mlp_5_256_muon2,mlp_5_256_muon3,49,0.2271224558353424
mlp_5_256_muon2,mlp_5_256_muon3,50,0.22888000309467316
mlp_5_256_muon2,mlp_5_256_muon3,51,0.23080392181873322
mlp_5_256_muon2,mlp_5_256_muon3,52,0.23263461887836456
mlp_5_256_muon2,mlp_5_256_muon3,53,0.23447170853614807
mlp_5_256_muon2,mlp_5_256_muon3,54,0.23668518662452698
mlp_5_256_muon2,mlp_5_256_muon3,55,0.23892727494239807
mlp_5_256_muon2,mlp_5_256_muon3,56,0.24083927273750305
mlp_5_256_muon2,mlp_5_256_muon3,57,0.24215789139270782
mlp_5_256_muon2,mlp_5_256_muon3,58,0.2437758594751358
mlp_5_256_muon2,mlp_5_256_muon3,59,0.24542373418807983
mlp_5_256_muon2,mlp_5_256_muon3,60,0.24713334441184998
mlp_5_256_muon2,mlp_5_256_muon3,61,0.24891802668571472
mlp_5_256_muon2,mlp_5_256_muon3,62,0.25099998712539673
mlp_5_256_muon2,mlp_5_256_muon3,63,0.2527777850627899
mlp_5_256_muon2,mlp_5_256_muon3,64,0.2547656297683716
mlp_5_256_muon2,mlp_5_256_muon3,65,0.2565692365169525
mlp_5_256_muon2,mlp_5_256_muon3,66,0.25860607624053955
mlp_5_256_muon2,mlp_5_256_muon3,67,0.2601492702960968
mlp_5_256_muon2,mlp_5_256_muon3,68,0.26183825731277466
mlp_5_256_muon2,mlp_5_256_muon3,69,0.26375359296798706
mlp_5_256_muon2,mlp_5_256_muon3,70,0.26567143201828003
mlp_5_256_muon2,mlp_5_256_muon3,71,0.26732394099235535
mlp_5_256_muon2,mlp_5_256_muon3,72,0.26904165744781494
mlp_5_256_muon2,mlp_5_256_muon3,73,0.27024659514427185
mlp_5_256_muon2,mlp_5_256_muon3,74,0.2721081078052521
mlp_5_256_muon2,mlp_5_256_muon3,75,0.2738666832447052
mlp_5_256_muon2,mlp_5_256_muon3,76,0.27534210681915283
mlp_5_256_muon2,mlp_5_256_muon3,77,0.27703896164894104
mlp_5_256_muon2,mlp_5_256_muon3,78,0.2782564163208008
mlp_5_256_muon2,mlp_5_256_muon3,79,0.27978479862213135
mlp_5_256_muon2,mlp_5_256_muon3,80,0.28129997849464417
mlp_5_256_muon2,mlp_5_256_muon3,81,0.28267902135849
mlp_5_256_muon2,mlp_5_256_muon3,82,0.28418293595314026
mlp_5_256_muon2,mlp_5_256_muon3,83,0.285879522562027
mlp_5_256_muon2,mlp_5_256_muon3,84,0.28748810291290283
mlp_5_256_muon2,mlp_5_256_muon3,85,0.28884708881378174
mlp_5_256_muon2,mlp_5_256_muon3,86,0.2901046574115753
mlp_5_256_muon2,mlp_5_256_muon3,87,0.2918161153793335
mlp_5_256_muon2,mlp_5_256_muon3,88,0.2931704521179199
mlp_5_256_muon2,mlp_5_256_muon3,89,0.2947753071784973
mlp_5_256_muon2,mlp_5_256_muon3,90,0.2958222031593323
mlp_5_256_muon2,mlp_5_256_muon3,91,0.2970329821109772
mlp_5_256_muon2,mlp_5_256_muon3,92,0.2984347939491272
mlp_5_256_muon2,mlp_5_256_muon3,93,0.2995591461658478
mlp_5_256_muon2,mlp_5_256_muon3,94,0.30097872018814087
mlp_5_256_muon2,mlp_5_256_muon3,95,0.3021789491176605
mlp_5_256_muon2,mlp_5_256_muon3,96,0.30300000309944153
mlp_5_256_muon2,mlp_5_256_muon3,97,0.30430927872657776
mlp_5_256_muon2,mlp_5_256_muon3,98,0.30577552318573
mlp_5_256_muon2,mlp_5_256_muon3,99,0.30728286504745483
mlp_5_256_adam,mlp_5_256_muon3,1,0.03999999910593033
mlp_5_256_adam,mlp_5_256_muon3,2,0.06400000303983688
mlp_5_256_adam,mlp_5_256_muon3,3,0.07666666805744171
mlp_5_256_adam,mlp_5_256_muon3,4,0.09099999815225601
mlp_5_256_adam,mlp_5_256_muon3,5,0.0989999994635582
mlp_5_256_adam,mlp_5_256_muon3,6,0.10650000721216202
mlp_5_256_adam,mlp_5_256_muon3,7,0.11242858320474625
mlp_5_256_adam,mlp_5_256_muon3,8,0.12174999713897705
mlp_5_256_adam,mlp_5_256_muon3,9,0.1272222250699997
mlp_5_256_adam,mlp_5_256_muon3,10,0.13580001890659332
mlp_5_256_adam,mlp_5_256_muon3,11,0.14000000059604645
mlp_5_256_adam,mlp_5_256_muon3,12,0.1445833295583725
mlp_5_256_adam,mlp_5_256_muon3,13,0.14800003170967102
mlp_5_256_adam,mlp_5_256_muon3,14,0.1525000035762787
mlp_5_256_adam,mlp_5_256_muon3,15,0.1570666879415512
mlp_5_256_adam,mlp_5_256_muon3,16,0.16056250035762787
mlp_5_256_adam,mlp_5_256_muon3,17,0.16517648100852966
mlp_5_256_adam,mlp_5_256_muon3,18,0.1680000126361847
mlp_5_256_adam,mlp_5_256_muon3,19,0.1721578985452652
mlp_5_256_adam,mlp_5_256_muon3,20,0.1752999871969223
mlp_5_256_adam,mlp_5_256_muon3,21,0.17828571796417236
mlp_5_256_adam,mlp_5_256_muon3,22,0.18090909719467163
mlp_5_256_adam,mlp_5_256_muon3,23,0.1830434650182724
mlp_5_256_adam,mlp_5_256_muon3,24,0.18570834398269653
mlp_5_256_adam,mlp_5_256_muon3,25,0.18860000371932983
mlp_5_256_adam,mlp_5_256_muon3,26,0.19165384769439697
mlp_5_256_adam,mlp_5_256_muon3,27,0.19362963736057281
mlp_5_256_adam,mlp_5_256_muon3,28,0.19582141935825348
mlp_5_256_adam,mlp_5_256_muon3,29,0.1985517293214798
mlp_5_256_adam,mlp_5_256_muon3,30,0.20036667585372925
mlp_5_256_adam,mlp_5_256_muon3,31,0.20229031145572662
mlp_5_256_adam,mlp_5_256_muon3,32,0.20550000667572021
mlp_5_256_adam,mlp_5_256_muon3,33,0.20721210539340973
mlp_5_256_adam,mlp_5_256_muon3,34,0.20891179144382477
mlp_5_256_adam,mlp_5_256_muon3,35,0.2110857218503952
mlp_5_256_adam,mlp_5_256_muon3,36,0.21352776885032654
mlp_5_256_adam,mlp_5_256_muon3,37,0.2151351422071457
mlp_5_256_adam,mlp_5_256_muon3,38,0.21684212982654572
mlp_5_256_adam,mlp_5_256_muon3,39,0.2192564159631729
mlp_5_256_adam,mlp_5_256_muon3,40,0.22112500667572021
mlp_5_256_adam,mlp_5_256_muon3,41,0.22346343100070953
mlp_5_256_adam,mlp_5_256_muon3,42,0.2249285876750946
mlp_5_256_adam,mlp_5_256_muon3,43,0.22706976532936096
mlp_5_256_adam,mlp_5_256_muon3,44,0.22877272963523865
mlp_5_256_adam,mlp_5_256_muon3,45,0.23073333501815796
mlp_5_256_adam,mlp_5_256_muon3,46,0.23169565200805664
mlp_5_256_adam,mlp_5_256_muon3,47,0.23329788446426392
mlp_5_256_adam,mlp_5_256_muon3,48,0.23520834743976593
mlp_5_256_adam,mlp_5_256_muon3,49,0.23673467338085175
mlp_5_256_adam,mlp_5_256_muon3,50,0.23819999396800995
mlp_5_256_adam,mlp_5_256_muon3,51,0.23986276984214783
mlp_5_256_adam,mlp_5_256_muon3,52,0.24180768430233002
mlp_5_256_adam,mlp_5_256_muon3,53,0.24332073330879211
mlp_5_256_adam,mlp_5_256_muon3,54,0.24516665935516357
mlp_5_256_adam,mlp_5_256_muon3,55,0.24740000069141388
mlp_5_256_adam,mlp_5_256_muon3,56,0.24935714900493622
mlp_5_256_adam,mlp_5_256_muon3,57,0.25091227889060974
mlp_5_256_adam,mlp_5_256_muon3,58,0.2525172531604767
mlp_5_256_adam,mlp_5_256_muon3,59,0.2540169358253479
mlp_5_256_adam,mlp_5_256_muon3,60,0.2554500102996826
mlp_5_256_adam,mlp_5_256_muon3,61,0.2570655941963196
mlp_5_256_adam,mlp_5_256_muon3,62,0.2589677572250366
mlp_5_256_adam,mlp_5_256_muon3,63,0.26061904430389404
mlp_5_256_adam,mlp_5_256_muon3,64,0.26170313358306885
mlp_5_256_adam,mlp_5_256_muon3,65,0.26327693462371826
mlp_5_256_adam,mlp_5_256_muon3,66,0.26445457339286804
mlp_5_256_adam,mlp_5_256_muon3,67,0.26595523953437805
mlp_5_256_adam,mlp_5_256_muon3,68,0.26745590567588806
mlp_5_256_adam,mlp_5_256_muon3,69,0.26847824454307556
mlp_5_256_adam,mlp_5_256_muon3,70,0.2695285677909851
mlp_5_256_adam,mlp_5_256_muon3,71,0.27115491032600403
mlp_5_256_adam,mlp_5_256_muon3,72,0.272819459438324
mlp_5_256_adam,mlp_5_256_muon3,73,0.27397260069847107
mlp_5_256_adam,mlp_5_256_muon3,74,0.2750270366668701
mlp_5_256_adam,mlp_5_256_muon3,75,0.2762933373451233
mlp_5_256_adam,mlp_5_256_muon3,76,0.27778947353363037
mlp_5_256_adam,mlp_5_256_muon3,77,0.2792077958583832
mlp_5_256_adam,mlp_5_256_muon3,78,0.280423104763031
mlp_5_256_adam,mlp_5_256_muon3,79,0.2818354368209839
mlp_5_256_adam,mlp_5_256_muon3,80,0.2831999957561493
mlp_5_256_adam,mlp_5_256_muon3,81,0.2841728627681732
mlp_5_256_adam,mlp_5_256_muon3,82,0.28523170948028564
mlp_5_256_adam,mlp_5_256_muon3,83,0.2868674695491791
mlp_5_256_adam,mlp_5_256_muon3,84,0.2882381081581116
mlp_5_256_adam,mlp_5_256_muon3,85,0.2895764708518982
mlp_5_256_adam,mlp_5_256_muon3,86,0.2904302477836609
mlp_5_256_adam,mlp_5_256_muon3,87,0.29152873158454895
mlp_5_256_adam,mlp_5_256_muon3,88,0.2927386164665222
mlp_5_256_adam,mlp_5_256_muon3,89,0.29407861828804016
mlp_5_256_adam,mlp_5_256_muon3,90,0.2955222427845001
mlp_5_256_adam,mlp_5_256_muon3,91,0.29659342765808105
mlp_5_256_adam,mlp_5_256_muon3,92,0.2977934777736664
mlp_5_256_adam,mlp_5_256_muon3,93,0.2988279461860657
mlp_5_256_adam,mlp_5_256_muon3,94,0.30009573698043823
mlp_5_256_adam,mlp_5_256_muon3,95,0.3013368546962738
mlp_5_256_adam,mlp_5_256_muon3,96,0.30256250500679016
mlp_5_256_adam,mlp_5_256_muon3,97,0.3035051226615906
mlp_5_256_adam,mlp_5_256_muon3,98,0.3044489622116089
mlp_5_256_adam,mlp_5_256_muon3,99,0.30571720004081726
mlp_5_256_adam,mlp_5_256_adam3,1,0.03200000151991844
mlp_5_256_adam,mlp_5_256_adam3,2,0.05000000074505806
mlp_5_256_adam,mlp_5_256_adam3,3,0.0663333386182785
mlp_5_256_adam,mlp_5_256_adam3,4,0.07625000178813934
mlp_5_256_adam,mlp_5_256_adam3,5,0.08640000224113464
mlp_5_256_adam,mlp_5_256_adam3,6,0.09583333134651184
mlp_5_256_adam,mlp_5_256_adam3,7,0.10414285957813263
mlp_5_256_adam,mlp_5_256_adam3,8,0.10949999839067459
mlp_5_256_adam,mlp_5_256_adam3,9,0.11433334648609161
mlp_5_256_adam,mlp_5_256_adam3,10,0.12189999967813492
mlp_5_256_adam,mlp_5_256_adam3,11,0.12909092009067535
mlp_5_256_adam,mlp_5_256_adam3,12,0.13583333790302277
mlp_5_256_adam,mlp_5_256_adam3,13,0.14307694137096405
mlp_5_256_adam,mlp_5_256_adam3,14,0.14721427857875824
mlp_5_256_adam,mlp_5_256_adam3,15,0.1522666960954666
mlp_5_256_adam,mlp_5_256_adam3,16,0.1587499976158142
mlp_5_256_adam,mlp_5_256_adam3,17,0.16370590031147003
mlp_5_256_adam,mlp_5_256_adam3,18,0.16955557465553284
mlp_5_256_adam,mlp_5_256_adam3,19,0.1747368425130844
mlp_5_256_adam,mlp_5_256_adam3,20,0.17904998362064362
mlp_5_256_adam,mlp_5_256_adam3,21,0.18323810398578644
mlp_5_256_adam,mlp_5_256_adam3,22,0.18727274239063263
mlp_5_256_adam,mlp_5_256_adam3,23,0.19073911011219025
mlp_5_256_adam,mlp_5_256_adam3,24,0.1952916532754898
mlp_5_256_adam,mlp_5_256_adam3,25,0.19892001152038574
mlp_5_256_adam,mlp_5_256_adam3,26,0.20273077487945557
mlp_5_256_adam,mlp_5_256_adam3,27,0.20596298575401306
mlp_5_256_adam,mlp_5_256_adam3,28,0.21032142639160156
mlp_5_256_adam,mlp_5_256_adam3,29,0.2139655202627182
mlp_5_256_adam,mlp_5_256_adam3,30,0.21753333508968353
mlp_5_256_adam,mlp_5_256_adam3,31,0.22203226387500763
mlp_5_256_adam,mlp_5_256_adam3,32,0.22603124380111694
mlp_5_256_adam,mlp_5_256_adam3,33,0.22993938624858856
mlp_5_256_adam,mlp_5_256_adam3,34,0.23332351446151733
mlp_5_256_adam,mlp_5_256_adam3,35,0.23508572578430176
mlp_5_256_adam,mlp_5_256_adam3,36,0.2378888875246048
mlp_5_256_adam,mlp_5_256_adam3,37,0.24089190363883972
mlp_5_256_adam,mlp_5_256_adam3,38,0.2443947196006775
mlp_5_256_adam,mlp_5_256_adam3,39,0.24743591248989105
mlp_5_256_adam,mlp_5_256_adam3,40,0.25014999508857727
mlp_5_256_adam,mlp_5_256_adam3,41,0.25324389338493347
mlp_5_256_adam,mlp_5_256_adam3,42,0.25600001215934753
mlp_5_256_adam,mlp_5_256_adam3,43,0.25841864943504333
mlp_5_256_adam,mlp_5_256_adam3,44,0.2611818015575409
mlp_5_256_adam,mlp_5_256_adam3,45,0.26448893547058105
mlp_5_256_adam,mlp_5_256_adam3,46,0.26750001311302185
mlp_5_256_adam,mlp_5_256_adam3,47,0.2705744504928589
mlp_5_256_adam,mlp_5_256_adam3,48,0.27281248569488525
mlp_5_256_adam,mlp_5_256_adam3,49,0.27565303444862366
mlp_5_256_adam,mlp_5_256_adam3,50,0.2778800129890442
mlp_5_256_adam,mlp_5_256_adam3,51,0.2804901897907257
mlp_5_256_adam,mlp_5_256_adam3,52,0.2832115590572357
mlp_5_256_adam,mlp_5_256_adam3,53,0.285150945186615
mlp_5_256_adam,mlp_5_256_adam3,54,0.28748148679733276
mlp_5_256_adam,mlp_5_256_adam3,55,0.2901272475719452
mlp_5_256_adam,mlp_5_256_adam3,56,0.2924821376800537
mlp_5_256_adam,mlp_5_256_adam3,57,0.2946666479110718
mlp_5_256_adam,mlp_5_256_adam3,58,0.2967758774757385
mlp_5_256_adam,mlp_5_256_adam3,59,0.2992711663246155
mlp_5_256_adam,mlp_5_256_adam3,60,0.30108335614204407
mlp_5_256_adam,mlp_5_256_adam3,61,0.303131103515625
mlp_5_256_adam,mlp_5_256_adam3,62,0.30566129088401794
mlp_5_256_adam,mlp_5_256_adam3,63,0.30742859840393066
mlp_5_256_adam,mlp_5_256_adam3,64,0.30959373712539673
mlp_5_256_adam,mlp_5_256_adam3,65,0.3112461566925049
mlp_5_256_adam,mlp_5_256_adam3,66,0.31371212005615234
mlp_5_256_adam,mlp_5_256_adam3,67,0.3155522048473358
mlp_5_256_adam,mlp_5_256_adam3,68,0.3178529739379883
mlp_5_256_adam,mlp_5_256_adam3,69,0.3196956515312195
mlp_5_256_adam,mlp_5_256_adam3,70,0.3213428854942322
mlp_5_256_adam,mlp_5_256_adam3,71,0.32314085960388184
mlp_5_256_adam,mlp_5_256_adam3,72,0.3251805305480957
mlp_5_256_adam,mlp_5_256_adam3,73,0.3270137310028076
mlp_5_256_adam,mlp_5_256_adam3,74,0.3293918967247009
mlp_5_256_adam,mlp_5_256_adam3,75,0.3309466540813446
mlp_5_256_adam,mlp_5_256_adam3,76,0.33274999260902405
mlp_5_256_adam,mlp_5_256_adam3,77,0.334831178188324
mlp_5_256_adam,mlp_5_256_adam3,78,0.3360256254673004
mlp_5_256_adam,mlp_5_256_adam3,79,0.337734192609787
mlp_5_256_adam,mlp_5_256_adam3,80,0.3398999869823456
mlp_5_256_adam,mlp_5_256_adam3,81,0.34171605110168457
mlp_5_256_adam,mlp_5_256_adam3,82,0.34352439641952515
mlp_5_256_adam,mlp_5_256_adam3,83,0.3450843393802643
mlp_5_256_adam,mlp_5_256_adam3,84,0.3465833365917206
mlp_5_256_adam,mlp_5_256_adam3,85,0.3486117422580719
mlp_5_256_adam,mlp_5_256_adam3,86,0.3500348627567291
mlp_5_256_adam,mlp_5_256_adam3,87,0.35144826769828796
mlp_5_256_adam,mlp_5_256_adam3,88,0.35295456647872925
mlp_5_256_adam,mlp_5_256_adam3,89,0.3543033301830292
mlp_5_256_adam,mlp_5_256_adam3,90,0.3556777536869049
mlp_5_256_adam,mlp_5_256_adam3,91,0.3572198152542114
mlp_5_256_adam,mlp_5_256_adam3,92,0.3586086928844452
mlp_5_256_adam,mlp_5_256_adam3,93,0.3605376183986664
mlp_5_256_adam,mlp_5_256_adam3,94,0.3617446720600128
mlp_5_256_adam,mlp_5_256_adam3,95,0.36304211616516113
mlp_5_256_adam,mlp_5_256_adam3,96,0.3645937442779541
mlp_5_256_adam,mlp_5_256_adam3,97,0.3661958575248718
mlp_5_256_adam,mlp_5_256_adam3,98,0.3674694001674652
mlp_5_256_adam,mlp_5_256_adam3,99,0.36875757575035095
mlp_5_256_adam2,mlp_5_256_adam3,1,0.014999999664723873
mlp_5_256_adam2,mlp_5_256_adam3,2,0.03350000083446503
mlp_5_256_adam2,mlp_5_256_adam3,3,0.0403333343565464
mlp_5_256_adam2,mlp_5_256_adam3,4,0.05025000125169754
mlp_5_256_adam2,mlp_5_256_adam3,5,0.05939999967813492
mlp_5_256_adam2,mlp_5_256_adam3,6,0.07050000131130219
mlp_5_256_adam2,mlp_5_256_adam3,7,0.07314286381006241
mlp_5_256_adam2,mlp_5_256_adam3,8,0.08049999922513962
mlp_5_256_adam2,mlp_5_256_adam3,9,0.08766667544841766
mlp_5_256_adam2,mlp_5_256_adam3,10,0.09220000356435776
mlp_5_256_adam2,mlp_5_256_adam3,11,0.10054546594619751
mlp_5_256_adam2,mlp_5_256_adam3,12,0.10625000298023224
mlp_5_256_adam2,mlp_5_256_adam3,13,0.1131538525223732
mlp_5_256_adam2,mlp_5_256_adam3,14,0.11864285171031952
mlp_5_256_adam2,mlp_5_256_adam3,15,0.12593334913253784
mlp_5_256_adam2,mlp_5_256_adam3,16,0.13168750703334808
mlp_5_256_adam2,mlp_5_256_adam3,17,0.13688236474990845
mlp_5_256_adam2,mlp_5_256_adam3,18,0.14261111617088318
mlp_5_256_adam2,mlp_5_256_adam3,19,0.14636842906475067
mlp_5_256_adam2,mlp_5_256_adam3,20,0.1517000049352646
mlp_5_256_adam2,mlp_5_256_adam3,21,0.15590478479862213
mlp_5_256_adam2,mlp_5_256_adam3,22,0.15909090638160706
mlp_5_256_adam2,mlp_5_256_adam3,23,0.16360867023468018
mlp_5_256_adam2,mlp_5_256_adam3,24,0.16762499511241913
mlp_5_256_adam2,mlp_5_256_adam3,25,0.17099998891353607
mlp_5_256_adam2,mlp_5_256_adam3,26,0.17461539804935455
mlp_5_256_adam2,mlp_5_256_adam3,27,0.17859259247779846
mlp_5_256_adam2,mlp_5_256_adam3,28,0.18260714411735535
mlp_5_256_adam2,mlp_5_256_adam3,29,0.18789656460285187
mlp_5_256_adam2,mlp_5_256_adam3,30,0.1916000097990036
mlp_5_256_adam2,mlp_5_256_adam3,31,0.19532257318496704
mlp_5_256_adam2,mlp_5_256_adam3,32,0.19828124344348907
mlp_5_256_adam2,mlp_5_256_adam3,33,0.20203030109405518
mlp_5_256_adam2,mlp_5_256_adam3,34,0.2047647088766098
mlp_5_256_adam2,mlp_5_256_adam3,35,0.20828570425510406
mlp_5_256_adam2,mlp_5_256_adam3,36,0.21161113679409027
mlp_5_256_adam2,mlp_5_256_adam3,37,0.2148108035326004
mlp_5_256_adam2,mlp_5_256_adam3,38,0.21755263209342957
mlp_5_256_adam2,mlp_5_256_adam3,39,0.22105130553245544
mlp_5_256_adam2,mlp_5_256_adam3,40,0.22449998557567596
mlp_5_256_adam2,mlp_5_256_adam3,41,0.2279268354177475
mlp_5_256_adam2,mlp_5_256_adam3,42,0.23130953311920166
mlp_5_256_adam2,mlp_5_256_adam3,43,0.23483721911907196
mlp_5_256_adam2,mlp_5_256_adam3,44,0.23749999701976776
mlp_5_256_adam2,mlp_5_256_adam3,45,0.2398666888475418
mlp_5_256_adam2,mlp_5_256_adam3,46,0.24308694899082184
mlp_5_256_adam2,mlp_5_256_adam3,47,0.24591492116451263
mlp_5_256_adam2,mlp_5_256_adam3,48,0.2489166557788849
mlp_5_256_adam2,mlp_5_256_adam3,49,0.25193876028060913
mlp_5_256_adam2,mlp_5_256_adam3,50,0.254179984331131
mlp_5_256_adam2,mlp_5_256_adam3,51,0.25701963901519775
mlp_5_256_adam2,mlp_5_256_adam3,52,0.260115385055542
mlp_5_256_adam2,mlp_5_256_adam3,53,0.26252833008766174
mlp_5_256_adam2,mlp_5_256_adam3,54,0.26492589712142944
mlp_5_256_adam2,mlp_5_256_adam3,55,0.26747268438339233
mlp_5_256_adam2,mlp_5_256_adam3,56,0.27053573727607727
mlp_5_256_adam2,mlp_5_256_adam3,57,0.2735789716243744
mlp_5_256_adam2,mlp_5_256_adam3,58,0.27594828605651855
mlp_5_256_adam2,mlp_5_256_adam3,59,0.2783728837966919
mlp_5_256_adam2,mlp_5_256_adam3,60,0.2809000015258789
mlp_5_256_adam2,mlp_5_256_adam3,61,0.2836885452270508
mlp_5_256_adam2,mlp_5_256_adam3,62,0.286064475774765
mlp_5_256_adam2,mlp_5_256_adam3,63,0.2887936532497406
mlp_5_256_adam2,mlp_5_256_adam3,64,0.2910468876361847
mlp_5_256_adam2,mlp_5_256_adam3,65,0.2928153872489929
mlp_5_256_adam2,mlp_5_256_adam3,66,0.29545456171035767
mlp_5_256_adam2,mlp_5_256_adam3,67,0.2975522577762604
mlp_5_256_adam2,mlp_5_256_adam3,68,0.3000587821006775
mlp_5_256_adam2,mlp_5_256_adam3,69,0.30168113112449646
mlp_5_256_adam2,mlp_5_256_adam3,70,0.3035999834537506
mlp_5_256_adam2,mlp_5_256_adam3,71,0.3056056499481201
mlp_5_256_adam2,mlp_5_256_adam3,72,0.3075416684150696
mlp_5_256_adam2,mlp_5_256_adam3,73,0.3096027970314026
mlp_5_256_adam2,mlp_5_256_adam3,74,0.3111891746520996
mlp_5_256_adam2,mlp_5_256_adam3,75,0.3132133185863495
mlp_5_256_adam2,mlp_5_256_adam3,76,0.3157631456851959
mlp_5_256_adam2,mlp_5_256_adam3,77,0.31761038303375244
mlp_5_256_adam2,mlp_5_256_adam3,78,0.3197692334651947
mlp_5_256_adam2,mlp_5_256_adam3,79,0.32211393117904663
mlp_5_256_adam2,mlp_5_256_adam3,80,0.3240624964237213
mlp_5_256_adam2,mlp_5_256_adam3,81,0.32630863785743713
mlp_5_256_adam2,mlp_5_256_adam3,82,0.3283902704715729
mlp_5_256_adam2,mlp_5_256_adam3,83,0.33038556575775146
mlp_5_256_adam2,mlp_5_256_adam3,84,0.33252379298210144
mlp_5_256_adam2,mlp_5_256_adam3,85,0.33457648754119873
mlp_5_256_adam2,mlp_5_256_adam3,86,0.33658140897750854
mlp_5_256_adam2,mlp_5_256_adam3,87,0.33872416615486145
mlp_5_256_adam2,mlp_5_256_adam3,88,0.34102270007133484
mlp_5_256_adam2,mlp_5_256_adam3,89,0.34253937005996704
mlp_5_256_adam2,mlp_5_256_adam3,90,0.3445333242416382
mlp_5_256_adam2,mlp_5_256_adam3,91,0.34631869196891785
mlp_5_256_adam2,mlp_5_256_adam3,92,0.3476087152957916
mlp_5_256_adam2,mlp_5_256_adam3,93,0.34915053844451904
mlp_5_256_adam2,mlp_5_256_adam3,94,0.35115957260131836
mlp_5_256_adam2,mlp_5_256_adam3,95,0.3532000184059143
mlp_5_256_adam2,mlp_5_256_adam3,96,0.35476043820381165
mlp_5_256_adam2,mlp_5_256_adam3,97,0.3562164902687073
mlp_5_256_adam2,mlp_5_256_adam3,98,0.35805097222328186
mlp_5_256_adam2,mlp_5_256_adam3,99,0.35979798436164856
mlp_5_256_muon,mlp_5_256_adam3,1,0.009999999776482582
mlp_5_256_muon,mlp_5_256_adam3,2,0.01899999938905239
mlp_5_256_muon,mlp_5_256_adam3,3,0.0273333340883255
mlp_5_256_muon,mlp_5_256_adam3,4,0.030750000849366188
mlp_5_256_muon,mlp_5_256_adam3,5,0.03380000218749046
mlp_5_256_muon,mlp_5_256_adam3,6,0.03799999877810478
mlp_5_256_muon,mlp_5_256_adam3,7,0.04342857375741005
mlp_5_256_muon,mlp_5_256_adam3,8,0.05000000074505806
mlp_5_256_muon,mlp_5_256_adam3,9,0.05300000682473183
mlp_5_256_muon,mlp_5_256_adam3,10,0.05700000375509262
mlp_5_256_muon,mlp_5_256_adam3,11,0.06109091266989708
mlp_5_256_muon,mlp_5_256_adam3,12,0.06491666287183762
mlp_5_256_muon,mlp_5_256_adam3,13,0.07007692754268646
mlp_5_256_muon,mlp_5_256_adam3,14,0.07371428608894348
mlp_5_256_muon,mlp_5_256_adam3,15,0.07840000838041306
mlp_5_256_muon,mlp_5_256_adam3,16,0.08268749713897705
mlp_5_256_muon,mlp_5_256_adam3,17,0.08852941542863846
mlp_5_256_muon,mlp_5_256_adam3,18,0.09200001507997513
mlp_5_256_muon,mlp_5_256_adam3,19,0.09589473158121109
mlp_5_256_muon,mlp_5_256_adam3,20,0.09939999878406525
mlp_5_256_muon,mlp_5_256_adam3,21,0.10395239293575287
mlp_5_256_muon,mlp_5_256_adam3,22,0.10772727429866791
mlp_5_256_muon,mlp_5_256_adam3,23,0.11230433732271194
mlp_5_256_muon,mlp_5_256_adam3,24,0.11633332818746567
mlp_5_256_muon,mlp_5_256_adam3,25,0.119159996509552
mlp_5_256_muon,mlp_5_256_adam3,26,0.12250000238418579
mlp_5_256_muon,mlp_5_256_adam3,27,0.12511111795902252
mlp_5_256_muon,mlp_5_256_adam3,28,0.12921427190303802
mlp_5_256_muon,mlp_5_256_adam3,29,0.13282757997512817
mlp_5_256_muon,mlp_5_256_adam3,30,0.1360333263874054
mlp_5_256_muon,mlp_5_256_adam3,31,0.13893547654151917
mlp_5_256_muon,mlp_5_256_adam3,32,0.1419687569141388
mlp_5_256_muon,mlp_5_256_adam3,33,0.14503030478954315
mlp_5_256_muon,mlp_5_256_adam3,34,0.1474117785692215
mlp_5_256_muon,mlp_5_256_adam3,35,0.15042857825756073
mlp_5_256_muon,mlp_5_256_adam3,36,0.15327778458595276
mlp_5_256_muon,mlp_5_256_adam3,37,0.1561891734600067
mlp_5_256_muon,mlp_5_256_adam3,38,0.15873683989048004
mlp_5_256_muon,mlp_5_256_adam3,39,0.16123078763484955
mlp_5_256_muon,mlp_5_256_adam3,40,0.16362500190734863
mlp_5_256_muon,mlp_5_256_adam3,41,0.16599999368190765
mlp_5_256_muon,mlp_5_256_adam3,42,0.16873809695243835
mlp_5_256_muon,mlp_5_256_adam3,43,0.17086046934127808
mlp_5_256_muon,mlp_5_256_adam3,44,0.17397728562355042
mlp_5_256_muon,mlp_5_256_adam3,45,0.17653335630893707
mlp_5_256_muon,mlp_5_256_adam3,46,0.17934782803058624
mlp_5_256_muon,mlp_5_256_adam3,47,0.18202127516269684
mlp_5_256_muon,mlp_5_256_adam3,48,0.18437500298023224
mlp_5_256_muon,mlp_5_256_adam3,49,0.18661224842071533
mlp_5_256_muon,mlp_5_256_adam3,50,0.18888001143932343
mlp_5_256_muon,mlp_5_256_adam3,51,0.19150982797145844
mlp_5_256_muon,mlp_5_256_adam3,52,0.19384616613388062
mlp_5_256_muon,mlp_5_256_adam3,53,0.19639623165130615
mlp_5_256_muon,mlp_5_256_adam3,54,0.1987222135066986
mlp_5_256_muon,mlp_5_256_adam3,55,0.2014181762933731
mlp_5_256_muon,mlp_5_256_adam3,56,0.2039821594953537
mlp_5_256_muon,mlp_5_256_adam3,57,0.20633332431316376
mlp_5_256_muon,mlp_5_256_adam3,58,0.20822414755821228
mlp_5_256_muon,mlp_5_256_adam3,59,0.21045762300491333
mlp_5_256_muon,mlp_5_256_adam3,60,0.21254999935626984
mlp_5_256_muon,mlp_5_256_adam3,61,0.21493443846702576
mlp_5_256_muon,mlp_5_256_adam3,62,0.21754838526248932
mlp_5_256_muon,mlp_5_256_adam3,63,0.21977782249450684
mlp_5_256_muon,mlp_5_256_adam3,64,0.22157812118530273
mlp_5_256_muon,mlp_5_256_adam3,65,0.22412310540676117
mlp_5_256_muon,mlp_5_256_adam3,66,0.22592423856258392
mlp_5_256_muon,mlp_5_256_adam3,67,0.22826865315437317
mlp_5_256_muon,mlp_5_256_adam3,68,0.2298823595046997
mlp_5_256_muon,mlp_5_256_adam3,69,0.23131883144378662
mlp_5_256_muon,mlp_5_256_adam3,70,0.23312856256961823
mlp_5_256_muon,mlp_5_256_adam3,71,0.23461969196796417
mlp_5_256_muon,mlp_5_256_adam3,72,0.23636110126972198
mlp_5_256_muon,mlp_5_256_adam3,73,0.23804110288619995
mlp_5_256_muon,mlp_5_256_adam3,74,0.24006758630275726
mlp_5_256_muon,mlp_5_256_adam3,75,0.24191999435424805
mlp_5_256_muon,mlp_5_256_adam3,76,0.2436973601579666
mlp_5_256_muon,mlp_5_256_adam3,77,0.24567532539367676
mlp_5_256_muon,mlp_5_256_adam3,78,0.2473205327987671
mlp_5_256_muon,mlp_5_256_adam3,79,0.2493797391653061
mlp_5_256_muon,mlp_5_256_adam3,80,0.25113749504089355
mlp_5_256_muon,mlp_5_256_adam3,81,0.25327160954475403
mlp_5_256_muon,mlp_5_256_adam3,82,0.2549268305301666
mlp_5_256_muon,mlp_5_256_adam3,83,0.25675904750823975
mlp_5_256_muon,mlp_5_256_adam3,84,0.25833332538604736
mlp_5_256_muon,mlp_5_256_adam3,85,0.26003530621528625
mlp_5_256_muon,mlp_5_256_adam3,86,0.2614069879055023
mlp_5_256_muon,mlp_5_256_adam3,87,0.2634597718715668
mlp_5_256_muon,mlp_5_256_adam3,88,0.2650795578956604
mlp_5_256_muon,mlp_5_256_adam3,89,0.26667413115501404
mlp_5_256_muon,mlp_5_256_adam3,90,0.2681778073310852
mlp_5_256_muon,mlp_5_256_adam3,91,0.27003300189971924
mlp_5_256_muon,mlp_5_256_adam3,92,0.2719130516052246
mlp_5_256_muon,mlp_5_256_adam3,93,0.2736559212207794
mlp_5_256_muon,mlp_5_256_adam3,94,0.27512767910957336
mlp_5_256_muon,mlp_5_256_adam3,95,0.2769157886505127
mlp_5_256_muon,mlp_5_256_adam3,96,0.2786666452884674
mlp_5_256_muon,mlp_5_256_adam3,97,0.2801855504512787
mlp_5_256_muon,mlp_5_256_adam3,98,0.2818877398967743
mlp_5_256_muon,mlp_5_256_adam3,99,0.28337371349334717
mlp_5_256_muon3,mlp_5_256_adam3,1,0.03400000184774399
mlp_5_256_muon3,mlp_5_256_adam3,2,0.05050000175833702
mlp_5_256_muon3,mlp_5_256_adam3,3,0.058666665107011795
mlp_5_256_muon3,mlp_5_256_adam3,4,0.07074999809265137
mlp_5_256_muon3,mlp_5_256_adam3,5,0.07719999551773071
mlp_5_256_muon3,mlp_5_256_adam3,6,0.08283332735300064
mlp_5_256_muon3,mlp_5_256_adam3,7,0.08600001037120819
mlp_5_256_muon3,mlp_5_256_adam3,8,0.08950000256299973
mlp_5_256_muon3,mlp_5_256_adam3,9,0.09266667068004608
mlp_5_256_muon3,mlp_5_256_adam3,10,0.09860000759363174
mlp_5_256_muon3,mlp_5_256_adam3,11,0.10154546052217484
mlp_5_256_muon3,mlp_5_256_adam3,12,0.10658333450555801
mlp_5_256_muon3,mlp_5_256_adam3,13,0.11169232428073883
mlp_5_256_muon3,mlp_5_256_adam3,14,0.11550000309944153
mlp_5_256_muon3,mlp_5_256_adam3,15,0.11973334848880768
mlp_5_256_muon3,mlp_5_256_adam3,16,0.12406250089406967
mlp_5_256_muon3,mlp_5_256_adam3,17,0.12794119119644165
mlp_5_256_muon3,mlp_5_256_adam3,18,0.13111111521720886
mlp_5_256_muon3,mlp_5_256_adam3,19,0.13373684883117676
mlp_5_256_muon3,mlp_5_256_adam3,20,0.13740000128746033
mlp_5_256_muon3,mlp_5_256_adam3,21,0.14085714519023895
mlp_5_256_muon3,mlp_5_256_adam3,22,0.14350000023841858
mlp_5_256_muon3,mlp_5_256_adam3,23,0.14686955511569977
mlp_5_256_muon3,mlp_5_256_adam3,24,0.15008331835269928
mlp_5_256_muon3,mlp_5_256_adam3,25,0.15352000296115875
mlp_5_256_muon3,mlp_5_256_adam3,26,0.15746155381202698
mlp_5_256_muon3,mlp_5_256_adam3,27,0.15937036275863647
mlp_5_256_muon3,mlp_5_256_adam3,28,0.16289284825325012
mlp_5_256_muon3,mlp_5_256_adam3,29,0.16489654779434204
mlp_5_256_muon3,mlp_5_256_adam3,30,0.1677333414554596
mlp_5_256_muon3,mlp_5_256_adam3,31,0.17022579908370972
mlp_5_256_muon3,mlp_5_256_adam3,32,0.1730312556028366
mlp_5_256_muon3,mlp_5_256_adam3,33,0.175151526927948
mlp_5_256_muon3,mlp_5_256_adam3,34,0.17714707553386688
mlp_5_256_muon3,mlp_5_256_adam3,35,0.17988571524620056
mlp_5_256_muon3,mlp_5_256_adam3,36,0.18219445645809174
mlp_5_256_muon3,mlp_5_256_adam3,37,0.18478378653526306
mlp_5_256_muon3,mlp_5_256_adam3,38,0.18744735419750214
mlp_5_256_muon3,mlp_5_256_adam3,39,0.18910259008407593
mlp_5_256_muon3,mlp_5_256_adam3,40,0.19097501039505005
mlp_5_256_muon3,mlp_5_256_adam3,41,0.193756103515625
mlp_5_256_muon3,mlp_5_256_adam3,42,0.195952370762825
mlp_5_256_muon3,mlp_5_256_adam3,43,0.19816279411315918
mlp_5_256_muon3,mlp_5_256_adam3,44,0.20038637518882751
mlp_5_256_muon3,mlp_5_256_adam3,45,0.20206667482852936
mlp_5_256_muon3,mlp_5_256_adam3,46,0.20354346930980682
mlp_5_256_muon3,mlp_5_256_adam3,47,0.20555321872234344
mlp_5_256_muon3,mlp_5_256_adam3,48,0.20743751525878906
mlp_5_256_muon3,mlp_5_256_adam3,49,0.209122434258461
mlp_5_256_muon3,mlp_5_256_adam3,50,0.21059998869895935
mlp_5_256_muon3,mlp_5_256_adam3,51,0.21264706552028656
mlp_5_256_muon3,mlp_5_256_adam3,52,0.2147500216960907
mlp_5_256_muon3,mlp_5_256_adam3,53,0.21688680350780487
mlp_5_256_muon3,mlp_5_256_adam3,54,0.21851851046085358
mlp_5_256_muon3,mlp_5_256_adam3,55,0.22061817348003387
mlp_5_256_muon3,mlp_5_256_adam3,56,0.2221785932779312
mlp_5_256_muon3,mlp_5_256_adam3,57,0.2240350991487503
mlp_5_256_muon3,mlp_5_256_adam3,58,0.22577586770057678
mlp_5_256_muon3,mlp_5_256_adam3,59,0.22738982737064362
mlp_5_256_muon3,mlp_5_256_adam3,60,0.22918333113193512
mlp_5_256_muon3,mlp_5_256_adam3,61,0.23131147027015686
mlp_5_256_muon3,mlp_5_256_adam3,62,0.2335967719554901
mlp_5_256_muon3,mlp_5_256_adam3,63,0.23503175377845764
mlp_5_256_muon3,mlp_5_256_adam3,64,0.23717187345027924
mlp_5_256_muon3,mlp_5_256_adam3,65,0.23873846232891083
mlp_5_256_muon3,mlp_5_256_adam3,66,0.2404545545578003
mlp_5_256_muon3,mlp_5_256_adam3,67,0.24199999868869781
mlp_5_256_muon3,mlp_5_256_adam3,68,0.24351471662521362
mlp_5_256_muon3,mlp_5_256_adam3,69,0.24533331394195557
mlp_5_256_muon3,mlp_5_256_adam3,70,0.24714286625385284
mlp_5_256_muon3,mlp_5_256_adam3,71,0.24880282580852509
mlp_5_256_muon3,mlp_5_256_adam3,72,0.2503194510936737
mlp_5_256_muon3,mlp_5_256_adam3,73,0.2520822286605835
mlp_5_256_muon3,mlp_5_256_adam3,74,0.2533378303050995
mlp_5_256_muon3,mlp_5_256_adam3,75,0.25494664907455444
mlp_5_256_muon3,mlp_5_256_adam3,76,0.25651314854621887
mlp_5_256_muon3,mlp_5_256_adam3,77,0.2580389380455017
mlp_5_256_muon3,mlp_5_256_adam3,78,0.2593974471092224
mlp_5_256_muon3,mlp_5_256_adam3,79,0.26094937324523926
mlp_5_256_muon3,mlp_5_256_adam3,80,0.2620375156402588
mlp_5_256_muon3,mlp_5_256_adam3,81,0.2633086144924164
mlp_5_256_muon3,mlp_5_256_adam3,82,0.26465854048728943
mlp_5_256_muon3,mlp_5_256_adam3,83,0.2660120725631714
mlp_5_256_muon3,mlp_5_256_adam3,84,0.267464280128479
mlp_5_256_muon3,mlp_5_256_adam3,85,0.2690235674381256
mlp_5_256_muon3,mlp_5_256_adam3,86,0.2707442045211792
mlp_5_256_muon3,mlp_5_256_adam3,87,0.27264368534088135
mlp_5_256_muon3,mlp_5_256_adam3,88,0.274238646030426
mlp_5_256_muon3,mlp_5_256_adam3,89,0.27552807331085205
mlp_5_256_muon3,mlp_5_256_adam3,90,0.27677780389785767
mlp_5_256_muon3,mlp_5_256_adam3,91,0.27820879220962524
mlp_5_256_muon3,mlp_5_256_adam3,92,0.27968478202819824
mlp_5_256_muon3,mlp_5_256_adam3,93,0.2806774377822876
mlp_5_256_muon3,mlp_5_256_adam3,94,0.28214895725250244
mlp_5_256_muon3,mlp_5_256_adam3,95,0.2831263542175293
mlp_5_256_muon3,mlp_5_256_adam3,96,0.2847500145435333
mlp_5_256_muon3,mlp_5_256_adam3,97,0.2860927879810333
mlp_5_256_muon3,mlp_5_256_adam3,98,0.2875101864337921
mlp_5_256_muon3,mlp_5_256_adam3,99,0.28897979855537415
